Execucao,Tempo (segundos)
1,0.003000
2,0.002000
3,0.002000
4,0.002000
5,0.002000
6,0.002000
7,0.003000
8,0.002000
9,0.002000
10,0.002000
